2.514604421867865872e-03,-2.642097265826037766e-03,1.280845300886564175e-02,2.098002343060794035e-03,-1.071338746322221883e-02,7.231901098189694871e-03,2.608000090260274503e-02,1.894161926258484258e-02,-1.407470471613985266e-02,-2.530842942092105183e-02,-1.246548925074704439e-02,8.265195869448719972e-04,-4.650061549277668960e-02,-4.375833278650914822e-03,-2.491821894506130244e-02,-1.464534709406903334e-02,-1.088517965714619860e-02,-6.326003127383091236e-03,8.232610727482657029e-03,2.085026738885355224e-02,-2.570693258880685315e-03,2.732926941099371801e-02,-1.330389346973227110e-02,7.030201401860394599e-03,1.806940363303617333e-02,1.880245955217491266e-03,-1.486998498707616835e-02,-1.843450752516839070e-02,-9.154516513346783180e-03,4.403902469400988035e-03
-2.019236367077471839e-02,-4.183511497434261317e-03,-3.184500198289554312e-03,1.081691169371615420e-02,4.293182450126818185e-03,7.107454180798428341e-03,-1.307657218836678903e-02,-2.592272673855389089e-03,1.567950940122659134e-02,2.986862290441521378e-02,-2.518131064208240302e-02,3.027847549478125330e-02,2.691750847564609167e-02,1.562622801400855022e-02,5.289112606586070763e-03,-6.278456290728555780e-03,2.916041367073917562e-02,3.920516632899929271e-02,3.603269739732250371e-02,2.630207529468740063e-02,7.147608213179119929e-03,-2.416637264564342955e-02,-8.908266240166457818e-05,1.312949870152671679e-02,-2.576722927499108806e-02,7.902441203640165127e-03,8.597273896444599869e-03,1.392085447925736977e-02,-2.368235933514378083e-02,-1.323405144078069855e-02
-8.728704942864425748e-03,-2.339603815545728341e-02,3.478735754260268292e-02,-9.918214568843038495e-03,6.579392589204042206e-03,-5.171450909478479685e-03,3.166945757604244099e-02,2.640721974163678237e-02,1.266705245649830426e-02,-4.407019761293301530e-02,1.040579485197730110e-03,1.367372381553069033e-02,2.007923151684339394e-02,-1.235814089415201641e-02,3.644022726656646893e-02,-2.640861940026587029e-02,-1.323056043630438210e-02,1.870099976228044303e-02,9.810922765062330894e-04,4.004785167290510206e-02,3.770383850249311476e-03,-1.266388180384453443e-02,-7.551270104656165362e-03,-2.182292235238390832e-02,-2.555360332773215851e-02,1.260822981536463723e-02,1.162331624825611517e-02,2.589117638882234076e-02,-1.509211582519862267e-02,3.378214904887346520e-02
-5.747754156173325892e-03,3.148816557689173429e-02,-8.655716943651935169e-03,-1.470966584684550195e-02,4.995707431173336890e-03,2.062906169738944542e-02,3.220191534306893286e-03,-1.171057648246673355e-02,-2.682439428153338135e-02,-2.803040429834855948e-02,1.005365699749731327e-02,1.979426066571609785e-02,-3.285891852505814191e-03,-2.148729716456869443e-02,1.746084305243413362e-02,-2.560787889429146438e-02,-1.426136190118544415e-02,1.242035707080197011e-02,-4.500282347149183598e-02,7.727391951326116962e-03,-1.163281672819006275e-02,2.185593949556277789e-03,-1.514030524416462272e-03,4.042287900879197073e-03,1.388343873414016327e-02,-1.516739501796818441e-02,2.841964044623832703e-02,1.452187577895529963e-02,1.687465324606536241e-02,2.329727962222056387e-02
1.575176443411738930e-02,1.688157361157184219e-02,1.511872214857702418e-03,-2.853547701979464515e-02,-2.700902000740278315e-03,-1.539029280353411411e-02,-2.845483537030827140e-02,5.169055818259751280e-03,-1.137098908295285093e-02,-2.059608876022927387e-02,-2.086002160143131043e-02,5.368341594178292937e-03,7.173438983406888771e-03,2.644914939533666437e-02,-2.782933704818746573e-04,2.083679518425644167e-02,2.804529653545044868e-02,2.300331272299384333e-02,-4.730607812553948993e-02,2.457367438406841964e-02,6.792400164972852740e-03,8.475427057066945574e-03,7.424548354725176748e-03,7.655143205415218359e-03,6.388284405047618859e-03,-7.178266170772409221e-03,-3.803270596751989058e-02,-2.178294558148464836e-03,-1.607463697041353057e-02,2.160326825075770465e-02
-5.775330119907550429e-03,1.669507122140197241e-03,-1.699211911220286156e-02,-1.021244935796253479e-02,-2.306612337317355240e-04,-2.970750368527090568e-02,6.013702285892116514e-03,-2.121445068955018359e-03,-2.371439610010467672e-02,-4.796465730795542587e-02,1.026104267760610117e-02,-5.951680778866607485e-03,-1.060016826436316860e-02,-4.723092597058840651e-03,3.632951881762287727e-02,-9.960193811928638469e-04,1.732385259770842555e-03,-2.974145739350796125e-02,3.294678132712199753e-02,1.834975966888588439e-02,2.133869734010358094e-02,9.534546242335920725e-04,1.833309577649191655e-02,7.418936701888204782e-03,1.226378155718012460e-02,-3.043859168165806255e-03,-2.947775896083918226e-02,2.057708695606366364e-02,-3.869919273219413897e-02,-4.798733425160721204e-03
-4.090449767993217106e-03,-2.085720281969009188e-02,1.226246272673159506e-02,-4.006594028191367250e-03,-8.737366511945633338e-03,1.039683461955282461e-02,-9.531580811168276213e-03,2.777959949676617191e-02,7.029101523746277523e-03,-9.486659736688786079e-03,-3.888529951971088361e-02,-2.615506393802295021e-02,2.173661569536726804e-02,-1.012081262226848053e-03,-5.662501313590694550e-03,3.286503228485394140e-02,-2.565298488147796721e-02,-1.171315599682718790e-02,-9.451753535169681378e-03,1.172674563062600823e-02,-1.327070396608093922e-02,-1.226835697228056271e-02,-3.210298793770226949e-02,1.458698808035713279e-02,1.612278717030043995e-02,-9.527534948023240469e-03,3.266798910825972815e-03,-2.585292245518683307e-02,-9.436263094818040861e-03,2.755901905445042391e-02
2.714614681342687307e-03,4.620726973591776643e-02,-1.574385484314315409e-02,1.160568833448615000e-02,-3.910116556662047126e-03,1.131635693656186242e-02,-1.442271931751299991e-04,-1.122396220818318302e-02,-1.735233528643405354e-02,6.132073478097793684e-02,-1.546901194484320624e-03,-4.033321380466490386e-02,-1.297201215806669319e-02,1.356079454247994219e-02,-1.000016866369496382e-02,2.720892404970515210e-02,2.004796545687915696e-02,-3.046772716484715850e-03,-9.444318855520867848e-03,-2.009602014055392877e-02,-1.399933084626649345e-02,-2.946286149331250187e-02,2.408792583066168835e-02,3.181401574252123998e-02,-2.512276139455466017e-02,-2.363365951372926529e-02,-3.537023714173834210e-02,-1.927708461464348183e-02,-6.212673602566583242e-02,-2.284557913263839113e-02
2.593830799601047621e-02,-6.913450589289299453e-03,1.709168469706816643e-02,-9.779381276840899348e-03,3.521334593986245876e-02,3.984359660277140072e-03,-7.640045842869610734e-03,5.104848050742161886e-02,-6.489437125708783470e-03,-2.442446699452272343e-02,4.038200039202198381e-03,-7.767007711615946108e-04,2.132649106332514324e-02,-1.843267848995622585e-02,1.609433862958995279e-02,1.705496941148582427e-02,-1.335374583870141060e-02,3.264880114453553358e-03,-1.661503913708674979e-02,4.691616147681335752e-02,-1.408279124560333877e-02,-9.061488873374283839e-03,-2.131676043926749448e-02,-6.922425503463468244e-03,-1.175205339380845009e-04,1.535578270689373116e-02,-1.220973292131398782e-02,-3.715479173431714133e-03,-2.832978732828084212e-02,-1.654804453532310315e-02
5.511615116551902421e-02,2.082486383389591661e-02,-1.562848083354629811e-02,-2.674794483056582711e-02,-1.951165661199316323e-02,-4.338171902747022142e-04,6.945557671838065205e-04,-1.488721201861712209e-02,-2.573148933475288488e-02,2.844757010496892780e-02,9.033709025901918641e-03,-7.491360391358705718e-03,-4.413224156321731914e-03,-1.059060918251338197e-02,-5.872090892034225601e-02,2.313236541852517914e-03,-2.141088819391531728e-02,-2.005368598065639107e-02,-1.280524810780747647e-02,1.464603429422594444e-02,-2.341061616815366328e-02,-2.868562919348244256e-02,1.279704150344756694e-02,1.508737809279101817e-02,-1.917867415588444049e-02,1.124795354585918401e-02,-5.832648608295042114e-03,6.025843531071202117e-03,-2.521920560131068328e-02,1.665788898721670339e-02
2.406517908232996134e-02,1.274146471252366776e-02,1.116679923390286738e-02,-7.544550312245468238e-02,5.212594981338795896e-03,-5.089063338508707183e-04,-2.940910136926662422e-03,-1.261155979942039929e-02,1.107299498271078000e-03,8.242348102566673940e-03,-5.275763210812499555e-03,-9.266482794197417397e-03,2.459507621878542424e-02,-2.210734214538250669e-02,2.060310395647753715e-02,3.536249274610493622e-03,-1.608611290564854537e-02,-5.799637921386277019e-03,-1.839987205624393773e-02,1.350129036818878761e-02,6.958035239409430216e-03,-1.113592350306362444e-02,-2.204436598108446346e-02,6.034321870021411294e-03,1.914771213683863146e-02,-2.276726987637629415e-03,8.367050017784464014e-03,-7.520543010994854526e-03,1.351384120188544626e-03,-5.825658227873770252e-03
5.880842859499604142e-03,-3.019545026071453891e-02,1.288381046379378364e-02,-4.598649632066296664e-03,7.172161352987703985e-03,-6.806202549324179805e-03,6.407223787482070089e-03,-2.145125608257842861e-02,2.378308824976924085e-02,-3.407089175274596177e-02,-2.078477629558372550e-02,4.713321390792685021e-03,2.925684570369154261e-02,5.562526036160615230e-03,-4.958169105581723170e-03,-2.850180286486528672e-02,-3.825533288602645139e-03,-3.975402208418751067e-04,3.381137290678794260e-02,1.244250443211564194e-02,-3.058185749856892968e-02,4.053558190486385854e-02,-7.900197509975863050e-03,-1.758919429408633411e-02,2.949645304173819857e-02,-9.951152059393621099e-04,-7.348051987561977048e-03,4.375719778704626091e-03,1.689777560751432386e-02,1.986672408899300621e-02
-2.750404800105481218e-02,3.996962940543458825e-02,1.893723175991251367e-02,-7.584021240263024571e-03,-1.637319703042831864e-02,-1.938024861516412720e-02,2.467568751523651314e-03,-1.296032588379253912e-02,-1.529747930573041072e-02,1.622508809883271147e-02,7.291346876526469227e-03,-7.891425168474224677e-03,1.468495192370745939e-02,2.734757252611341727e-02,-2.188992625259291933e-02,-1.206583768284495359e-02,1.885243680439753836e-02,1.437881131630108604e-02,4.533977128759845467e-03,2.324842375116914842e-02,-2.176423458238194858e-02,-2.958275667542208109e-02,-1.733014714553796076e-02,2.450881910720801530e-03,-1.592173550190207829e-02,-9.744363128493832571e-03,-1.950000238200602642e-02,-1.240858289189805501e-02,-2.009574437985988532e-02,7.349324114912259356e-03
1.589782135966438456e-02,-9.608918790364224735e-03,-4.145315909413563663e-03,-1.162065145023830591e-02,1.062502431272378291e-02,1.781120774784399150e-03,3.188313800676428195e-02,-2.190944073275067489e-02,7.250049983820953253e-03,8.879827992933382944e-03,-7.208803419817962251e-03,1.167068254765486930e-02,-2.877045297980876729e-02,4.237606061458642354e-02,-2.684088906572883182e-02,1.839614521129976157e-02,-2.242245357878445977e-02,2.301766062463505430e-02,-7.695480532180045893e-03,3.168458143244225374e-03,1.066875114134692481e-03,2.201468190049590129e-02,-6.430949002858526824e-03,-5.934367419967886970e-02,-1.520117580128867510e-02,3.674246461778965696e-03,-8.809364097405238472e-03,1.539641702641595875e-02,2.030653991948937198e-02,-2.955436197996192879e-03
-2.979290788765023845e-02,2.768330220011793602e-02,2.166107000213635461e-02,-5.983822685340475095e-03,4.216576822785504663e-02,-6.977509201853288219e-03,-2.274239440836750906e-02,-3.117468675020110529e-03,2.155667431011541041e-02,-1.874906885085031796e-02,3.902450155486897332e-02,-1.793052429144113141e-02,1.908844552762481092e-02,1.088924748406354046e-02,-3.081141191656470990e-03,2.161065957435514412e-02,-2.999597577736389659e-02,2.715143573866378446e-02,-1.273680579404828060e-03,-1.084870499727026878e-02,1.498348096080162617e-02,2.119798027198487381e-02,1.539590861247233135e-02,3.999007642089973807e-02,2.161452152100196492e-02,2.567013264840811715e-02,-1.079727874353029679e-02,2.130475541240591138e-03,1.125965164651045528e-02,-3.548447340658727502e-04
6.032704663464716170e-03,8.522095322691373986e-03,1.688487835363070705e-02,-2.032177815400478503e-03,-6.995984307837625413e-03,-1.656631300433101389e-02,-1.783464652284542928e-02,2.344902454692646132e-02,-1.690429760049048675e-03,1.573888762181086323e-02,-2.594727692685503892e-02,-3.876336215678365810e-02,-2.098182461999926682e-02,2.293253935019010092e-02,2.136154879664919209e-02,6.640772157041702206e-03,-1.604340300319919213e-02,-2.616052831317087872e-03,-5.955209595978647012e-03,-6.899466921906333323e-03,-5.012139674631264225e-02,-1.715852771924393852e-02,-3.802177513644704361e-03,3.032855579624188502e-02,3.214861182634888397e-03,2.801776572525615724e-02,-7.874138175188919939e-03,-5.053771624956158309e-03,-7.798843460108678682e-02,9.266606784140379513e-03
1.094191322678667554e-02,3.527518139118748092e-02,-9.735224215856583263e-03,1.883083123940929807e-03,-1.411055909442166661e-02,-2.352514129840562601e-02,-1.426215933473916689e-02,-6.899970481715748082e-03,2.710876057339627054e-02,4.423205146756213830e-05,-1.581089619335751192e-02,2.837556564834660573e-03,4.351427111200687273e-03,-1.352464111949921652e-02,2.286467253259188634e-02,-3.776697781953299721e-02,-4.270892561659730101e-03,1.330132131258491071e-02,-2.676865038953709502e-02,7.225074972867535396e-03,2.585786100387610364e-02,9.073425285139363056e-03,-3.380319885953852327e-02,-1.456390054870497497e-02,2.464606805008526247e-02,5.966704901305883851e-03,-1.971787697995073434e-04,8.824011894309802956e-03,1.442097900011752275e-02,-1.416930473195986487e-02
-5.808001601459107481e-03,2.858272993336391683e-03,-1.087915443574651204e-02,-2.669031170745090904e-03,2.595743522363986450e-02,-1.935639729384111551e-02,3.853325418270281411e-02,3.758688754763971768e-02,-3.426878875928621171e-02,-2.820453302260448984e-03,6.853831392913586548e-03,-1.521742175012857738e-02,-1.482161007369457370e-02,-4.748313934690925886e-03,1.478356174223100644e-02,-1.022667677894188720e-02,3.653387623240233334e-02,5.799480046770641266e-03,-2.051505681666475345e-03,2.898519370262916256e-02,1.252562390120704784e-02,7.385735513751478035e-03,-6.622807655390500203e-03,3.627971227785499464e-02,1.623643179479973553e-02,-4.068226718894246523e-03,-3.154398301365407553e-02,7.459030835238435880e-03,-2.287480184203180208e-02,-3.431891903516641473e-02
-5.583030109355282752e-03,5.629422051812446072e-03,2.564962467366328769e-02,5.649036505704977534e-03,1.612039054341501271e-02,-2.451765410446309426e-02,-4.506435493511433258e-04,2.484226386090101699e-03,1.724492369239821743e-02,2.321213468620346009e-03,1.608157916239745869e-02,-1.008398495554268040e-02,7.159098124263134529e-03,8.297328025088462206e-03,-2.499551449173301881e-02,3.510772571352853162e-03,-6.407250539028135246e-03,-3.808175897232068952e-02,1.916813360282796502e-02,-7.237173606086021171e-03,-1.704780116251721628e-02,-7.546334873876291670e-03,2.764006062966426619e-03,3.015818968694279970e-02,-3.318664060124051820e-03,9.448149939170208053e-03,2.747158753795524155e-02,1.067101062547585501e-02,2.137128314837583379e-02,-9.530197179019110967e-03
1.542098652947954986e-02,-1.159520001393851652e-03,2.148822474978359306e-02,-2.007119143984281012e-02,-1.559115506485489466e-02,2.537463145410764551e-02,-3.921679451387384899e-03,-7.179212934089390825e-03,1.551448387004784098e-03,-1.378994914705722330e-02,2.663882737061120873e-02,-2.498325303351809842e-02,-3.011959967208099019e-03,6.939055714047246207e-03,-2.088941381331243900e-03,-1.604575090735762752e-02,-1.736778393505042026e-02,8.507888516416473729e-03,-2.060960900333402152e-02,1.292485411430080965e-02,-3.048296727290583999e-02,-1.109966193433368532e-02,7.261204473949208274e-04,-2.504303886889231584e-02,1.304021727053184497e-02,-3.707762661900502153e-04,-2.072147363179085294e-02,-3.037776459500790907e-02,-3.131178742745280991e-02,1.020678902606573591e-03
-2.313660214133068591e-02,-2.729759201464904139e-02,-4.624518709844212261e-03,4.555001049706067923e-02,5.550807224669144016e-03,1.525837667001201693e-02,4.254366925372767005e-03,1.565964332217172419e-02,-2.686177300929906350e-02,-8.610239403851697310e-03,5.227016912200778583e-03,-3.583363210994551366e-04,-3.839864402241827644e-03,-1.331752159485873922e-02,-5.167662054084066169e-03,-1.548395647782662907e-02,-4.843666029719562172e-02,-2.389016883411173436e-02,9.513058777488795151e-03,3.114155911343255423e-02,3.627160342647373775e-02,1.935034873774164324e-03,1.786767246888268726e-02,1.815955821421447527e-02,-1.384518367736149724e-02,-3.395879660921208298e-02,6.177463870962595239e-04,-3.524401994481076578e-02,-6.398592259096538316e-03,1.216234173578736866e-02
-2.840138976200004897e-02,6.459076786327364126e-04,2.480036230618130541e-02,7.230249480419273164e-03,1.044643401499357853e-02,1.813480827633489820e-02,3.465926144262360120e-02,3.028461634463735976e-03,2.459001722866249393e-02,-1.283384326748480747e-03,-1.092337630866968383e-02,6.296419392351298300e-03,-1.211625695983341994e-02,-1.146258431533131103e-02,-1.215481260884493549e-02,-4.590848391066333634e-02,2.109989553211932909e-03,-2.527670717190936070e-02,-2.145382413365547886e-03,2.899937560969655798e-02,-1.042000646214580849e-02,-1.084018316894954509e-02,2.727818769003591617e-02,1.092611530928597544e-02,1.953054194705285823e-02,-7.105824679739866992e-03,1.496166425741854954e-02,-1.372337178313604716e-02,-1.352003451243797942e-02,1.192488556410132954e-02
-1.196746342545448524e-02,1.534237086487907561e-02,4.783369070858596583e-02,-3.372305073894571459e-02,-1.504408752242490308e-02,2.240292363685348134e-02,-2.901563389864473402e-03,2.322179699585144586e-02,-2.020128546265815075e-02,6.626883556159410271e-03,-3.011126356456893770e-03,2.807414457466849388e-03,6.622320381107263051e-03,-2.440012725311912697e-02,-2.148274970718588861e-02,2.798488013790845566e-02,5.864274231619111093e-03,2.126926659052547249e-03,-8.814944522710663286e-04,7.130849974122341686e-03,-2.311873478810893071e-02,-1.998054663790798866e-02,2.609016494412866316e-02,3.025504436943264597e-03,1.700601747308068054e-02,-1.211328013842546611e-02,2.753450760718610321e-02,6.905568106390379962e-03,9.624916385001715258e-03,1.097458675431560969e-02
-1.594018478744260031e-02,-3.731441726800120706e-02,-2.149605334170204621e-02,3.261045714772722870e-02,2.601367940640973014e-02,-6.938427359559401833e-03,-6.033526540722901343e-03,2.073211754471705748e-02,-3.368197455071721916e-03,-2.598519740261557437e-02,2.531086185192321994e-02,9.543571558278639289e-03,-5.032679430007101773e-02,-6.263802110597550821e-03,2.873404065686787582e-03,9.624936541175766261e-03,3.043023786232703243e-03,-1.271483594487249173e-02,-2.315180880599743314e-03,5.896006358872007275e-03,-5.360081712280334587e-03,-7.438014394124147118e-03,2.504167877329633793e-02,-1.893215370538504569e-02,-6.989269422198241856e-03,-4.062538026098179433e-02,1.081939926902823583e-02,1.656528919693770613e-02,1.096973665193168995e-02,1.835344974922457559e-02
8.814134895271217782e-03,6.850307819068245443e-03,9.478941339760267940e-03,-5.346168639065537569e-03,2.376655725192804158e-02,-6.971441300283135259e-03,-2.924703850310385669e-02,1.699567227236901609e-02,3.701405559902963549e-02,-1.920302238581262158e-02,-2.032622591857131868e-03,-1.370884021436054312e-02,-7.611665002550336775e-03,9.218594355931606331e-04,-2.483616905562337565e-02,-5.553073425345745988e-03,-2.931934772764774322e-02,-1.136455275882955994e-02,-2.372139307972975092e-02,-2.118121398920288709e-02,-3.439821361316399567e-02,2.438709177465267497e-02,1.018118169479103122e-02,-3.834928086912988560e-02,-1.193655188095751191e-02,-1.340877199806148057e-02,-1.381888256337193699e-02,-2.893767025112967822e-02,1.508771442736910398e-02,-7.917275710159980828e-03
9.362978189790273006e-03,1.053511530332854398e-02,2.750890623341773963e-02,-3.629744555486286856e-02,3.477204222849911153e-02,2.537630547782460805e-02,1.146131984671013189e-02,4.767184458468232827e-02,4.099571958544625389e-03,1.642957832140436517e-02,-1.476827962535919372e-02,2.268714815903656243e-02,3.356519394448289652e-03,-9.024002897120932815e-03,4.233878396631752389e-02,-6.095993290816635601e-03,1.772265521703525460e-04,-3.945599146522568539e-03,-1.511341826472962536e-02,1.062544801060856525e-02,1.476819207465462046e-02,7.087450554774506195e-03,-4.721156522889870949e-02,2.015994006846170278e-02,-7.004766996461876498e-03,-2.432646823778612105e-02,1.206561918101949418e-02,1.125698840747725755e-02,-2.086147404562673294e-02,4.944871357665130834e-02
-2.419253098751300915e-02,-3.466005408768911555e-02,-2.308342852596633604e-02,2.841599685780127338e-02,-3.517134514070316582e-03,-7.441133756963833577e-03,-1.243154422666547815e-03,-1.193227815832610152e-02,-1.380526826654141295e-02,-1.282430987610877308e-02,1.415911046934844632e-02,2.040911771343315029e-02,-2.110185123965554327e-02,4.784559434767823166e-03,1.576414482498172259e-02,-2.163503899012231280e-02,-1.005133184034391614e-02,-2.076128324621582741e-02,-2.582057086034473745e-02,2.037257375800030634e-03,-1.472264742660250175e-02,1.262258178289094035e-02,-5.884384523060693815e-04,8.252547104099887398e-03,-5.845658252397428582e-03,-1.269994765178046429e-02,-1.813462702135626176e-03,-9.992260553191402233e-05,-1.411710989033239730e-02,8.531909102203302092e-03
1.493189711952937378e-02,3.161654106618528529e-03,3.426981777003120649e-02,-1.264678019301431616e-02,1.041192836402206334e-02,-8.174696010581216851e-03,4.692590073505188870e-03,-1.659898679164169277e-02,2.230246754729533348e-02,3.520418115145145140e-03,2.384488999146334651e-02,-2.532191153647515153e-02,-9.870304184015490229e-03,-1.785131600556142534e-02,-1.063883730583002098e-02,-1.385219394371648739e-02,-2.410818685745856269e-03,-3.449428745568543361e-04,-8.196972939312508486e-04,-1.111047747023654643e-02,3.748503557773367675e-03,1.751230991061802911e-02,-1.804551131977845738e-02,1.777250003843551895e-05,-1.481417783517632565e-03,9.367092684475249523e-03,-1.277171695475294881e-03,-3.132960719001156528e-04,-1.982191564456263488e-02,4.340767811928266631e-04
-1.843768978598218922e-02,1.031408496328156850e-02,-2.064378685730431599e-03,7.971683522932949137e-04,-1.782380734180587581e-02,1.607515159883378050e-02,1.384627817864348374e-02,1.723047858099615789e-02,4.454772161826350829e-02,-1.050387645861473309e-03,2.406805671615613873e-02,-2.476556128478435339e-03,7.881745916805958305e-03,7.306748552258711046e-03,5.291835267169486129e-03,1.316512357040761950e-02,-6.078727606784921703e-03,8.186456316295345976e-04,1.070619294683622380e-02,3.495707800076981731e-02,-1.684713337964823324e-02,-3.612265240765826640e-02,-9.681709822953970743e-03,1.798568659615725060e-03,3.499541864073803070e-03,1.844355715734684407e-03,2.365580245357565975e-02,1.952099585567759754e-02,-9.853580990259191725e-04,-9.390942455043736412e-03
-6.920177627650117222e-03,-7.126083059651963127e-03,-4.511989476562764181e-03,-3.145301123085989664e-02,-9.220814872852456032e-03,-8.497600425919323366e-03,-3.777607713959208694e-03,-5.086000248402468109e-03,1.344014283255073709e-02,-1.063886711925983788e-02,-8.771554028617643828e-03,1.083877509336080881e-02,-4.706296934884641493e-03,4.329094536913512259e-03,1.338671396712212171e-02,8.439389895561097768e-03,5.003248959686319199e-03,-3.928831153516392991e-03,1.363788206186414276e-02,3.510998825300008438e-03,-1.009705502123496579e-02,-3.016183739980203820e-03,-2.436258754645062238e-02,-1.923111948293825327e-02,-3.765816073557067684e-02,-1.359862763213823440e-02,2.671090843261767628e-02,-1.112977679986506575e-02,1.575081634205402481e-02,-6.899708445603380423e-05
-1.401097646183067924e-02,2.676559030255817179e-02,1.164411697146284196e-02,-3.503601130560221599e-02,2.082804396373379510e-02,-2.149582990446504902e-02,-3.558278931652625928e-03,1.336226843367789921e-02,-5.997063211983595134e-03,2.237888111234414765e-02,1.522527521026324597e-02,-3.153751220973950720e-02,-9.448683128675612955e-03,5.641474664427294054e-03,-1.149997362530084076e-02,-4.325530123622763241e-03,1.599569822777903785e-02,6.335626133669106617e-03,-1.841238070309719407e-02,3.492127387072739564e-03,-1.224539270219744506e-02,-2.430384718457573659e-02,-2.260111700004131460e-02,5.739110742018368148e-03,-5.622741198712434421e-04,1.086361711685133178e-04,-2.292418095744832088e-02,-3.678590999751511423e-03,-2.074335215498182561e-02,-1.852787667133257155e-02
-3.302535135808760177e-03,-2.766780902640993481e-02,1.338534532734223133e-02,4.973765702545818179e-02,9.176464981814754993e-03,-2.085806277991011926e-02,-5.423710283029694289e-03,-3.110875887164475662e-02,-7.552327625844427669e-03,1.014627871138768650e-02,1.178769532371545109e-02,-2.063485507716865050e-02,5.982913069732492643e-03,2.312816050010892133e-02,3.510183170198193786e-02,-1.401589765397420750e-02,-1.728400024158566889e-02,1.088317382407915550e-03,-5.856180345136763332e-02,-1.062068002301770793e-02,-5.419499386242376988e-03,-9.186839750757748099e-03,-3.167746456325044868e-02,-4.911022154593050297e-03,-1.553217240111363570e-02,1.514966116916245144e-02,-1.836949634845525675e-02,-5.646902595224823074e-03,-4.658958502368060715e-03,1.135142842649039356e-02
-5.091809200732156510e-02,-6.812498715920010939e-03,1.519230298547352871e-02,-7.233764744531352535e-03,-3.053873932775883274e-02,6.531963451679148082e-03,6.733738124870177096e-03,-5.409787839146568307e-03,-2.319591414583460284e-02,-1.481350291054165692e-02,-6.275130178728538337e-03,-1.751065711516572310e-02,-3.840356696705896772e-02,-1.538573597862326336e-02,-1.234878689435513687e-03,-1.014120134583109539e-02,-1.511456782768055666e-03,1.673159579258476489e-03,1.793151000728640879e-02,4.407648246903111966e-02,1.463557680252811945e-02,-2.808657093097657528e-02,-5.313889894604604397e-02,-1.889243373386264918e-03,1.427768705159268917e-03,-2.323746611669152279e-02,5.440642744041489752e-03,-1.533879175737593546e-02,8.053394655632740984e-03,-6.510363459436573769e-03
7.949251814492769297e-03,-3.486390388210865166e-02,-8.769337501985991282e-03,-2.971920129450911652e-03,-2.849749450199862838e-02,3.764676516453461380e-02,-1.081546824191047772e-02,2.779943458016751953e-02,-1.328684182240089280e-02,-4.599423109620065682e-03,2.367803823420039713e-02,6.076536900555860356e-03,3.841087005797212510e-03,5.318868963524348015e-03,-2.732315752481733612e-02,-7.791069472762621878e-03,-1.912891307763393486e-02,3.948273046286305057e-03,-1.087996260807004220e-02,-8.811824299949703966e-04,-1.545851265218843628e-03,-7.274076981002642380e-04,-6.949424382305980112e-04,-1.304756212767196541e-02,-2.108005591113068511e-02,-1.328712618707251179e-02,2.143076681287296725e-02,7.483236129297056449e-03,1.173910721184031128e-02,2.759935832608695350e-02
-2.358861866346326219e-02,1.019904842963642762e-02,-2.150148210405490590e-02,-6.686651977337757652e-03,9.684796855413112596e-03,3.228690534272848217e-02,-1.564329884950376934e-02,-1.895925071876853989e-03,2.312473607909834583e-02,-2.979616238730744757e-02,7.242258294131223399e-03,-6.165563007957688968e-03,-1.763389942940112032e-02,2.932616461472173277e-03,1.189851723693647993e-02,-1.824199524652420079e-02,7.599795636934825530e-03,3.467399792401946058e-03,-2.483626612005428863e-02,3.106825733880245674e-02,2.179805339640290482e-02,-1.719853495778235833e-02,-1.173261765461691870e-02,1.541560467495136158e-02,-9.908980947657441626e-03,-3.679437210445237610e-02,2.097764224801454067e-02,1.756284593154607129e-04,3.814052381929834701e-02,7.149342463379722984e-03
3.819849787660257057e-03,5.749000962788262947e-02,-3.437346919028634422e-03,-1.903631529753758642e-02,4.583959591384958662e-03,2.271509806042132026e-02,-2.330240288372857627e-02,-1.816530218610912586e-02,8.995541967528589491e-03,-6.394690783367255882e-02,-2.185357315964612385e-02,1.590968164884138877e-02,-1.173479832306192211e-02,-3.252966265382109534e-02,3.851133316858613292e-02,-2.821070314546536562e-02,-1.046731093919812082e-02,-7.454629985813907879e-03,1.662887879554027530e-03,-7.390104038078968568e-03,-1.619301571342199103e-03,1.149891581518195901e-03,-1.733528575328457206e-03,1.865476813864833192e-03,-4.757851375632719121e-02,8.821293955351271199e-03,-2.808913395962072887e-02,-4.333291022458122393e-02,2.762695812982413762e-02,-2.571030558398211541e-02
3.597382119084180981e-03,-1.545122974129757402e-02,-1.356932431740894181e-02,9.673095371643170709e-03,-2.096449918383016739e-02,7.453485508299644707e-03,7.613849524860184619e-03,2.328895827872293905e-02,-6.724264409941019260e-03,2.093164506728421165e-02,3.441389413484129828e-02,3.173364558840930522e-02,1.172153913582789711e-02,8.983321438580082682e-03,5.698909921451881383e-02,4.464351917595112823e-02,-1.533234568217548000e-02,1.847218072556578577e-02,1.203918464127136205e-02,1.445349229966417289e-03,3.066245962443020674e-03,9.755702249246274438e-03,1.874716954659198798e-02,4.375397233032689986e-03,6.795874291195339902e-03,2.784280628285281875e-02,6.354404868547375643e-03,1.090044963426163062e-02,1.980460193158868967e-02,3.266524832116843302e-02
2.454081858400794514e-02,7.544299056537853362e-03,4.156309079521279710e-03,-2.447207155702827222e-02,5.841250882071030888e-03,-2.074339519891645403e-02,-2.048078883031515321e-02,1.301017854938102403e-02,-2.011543671515092849e-03,9.444189920587368892e-03,-1.253926234755997800e-02,2.402408014952325810e-02,2.875443601124691353e-03,2.375456654067236578e-02,1.346880980363651323e-02,3.304980771973242606e-03,-9.570548222214430786e-03,6.301515529772805206e-04,1.656020970973241108e-02,1.395315468307919450e-02,-2.391169305007484480e-02,2.051364105491891229e-02,-4.278158829502163793e-03,1.630527442007754374e-02,-1.394976522821123055e-02,1.275710575313150109e-02,-1.593183765652404077e-02,2.587136633184702883e-03,-5.960596134392990089e-03,-5.711451337188170815e-03
-1.133174487181813107e-02,-3.071581925010179008e-03,-3.481269380334982982e-02,1.753199386802838100e-02,1.923373174176775530e-02,-8.855477456939646330e-03,-2.759509251815867037e-02,-1.293418539640552901e-02,1.895228659395751386e-02,1.251041546763547938e-02,-6.007071218375493148e-03,1.794549560281167785e-02,-2.082961512665039081e-02,-1.225272662181983024e-02,9.492144933669793491e-03,-1.918266594089171372e-03,-1.178451398310407031e-02,-5.024255461022805042e-02,1.342432669224031920e-02,6.474436267946244265e-03,-3.485844657102840638e-02,1.200651372217055070e-02,-2.872751751717349494e-04,5.576695547486311064e-03,1.890386413152000261e-02,-1.479773609898654696e-02,1.427128428478267007e-02,1.367708303966899859e-02,1.523031478520354975e-02,3.271911556612346061e-02
1.317469685509393452e-02,-1.123115420678374304e-02,3.596768840277096008e-02,-2.214625091209562399e-02,-9.254471887160277757e-03,-1.928939422008786250e-02,-2.055215990836966287e-03,2.164438566420710808e-02,2.595571913681169948e-02,9.270348316078065934e-03,-1.218782127162494969e-02,-1.107241196301068931e-02,-1.206392273315130305e-02,1.905681364647377266e-02,-1.813078651220631499e-02,1.729052550824365653e-02,-6.518814324851083695e-04,3.441021449038613855e-03,3.023436767801344557e-02,-9.506680281146462005e-03,3.323457192294788226e-02,-2.818905318747341390e-02,-1.649527387873005874e-02,-3.156782806203273922e-02,-1.493563768099773550e-02,1.165764194423446649e-02,1.475458129927262503e-02,6.135506069479810566e-03,5.341839233306984978e-03,-2.346653953414942761e-02
-2.653663665852539280e-02,6.077800149739975150e-03,2.695613954611993449e-02,-7.282695207294428638e-03,-2.537119233180626030e-02,-3.066560955499655905e-02,-1.361303429227871467e-02,3.159087644338138406e-02,-4.154790750648231293e-03,-2.075886748112896335e-02,-1.218941688328859484e-02,-9.670899426063047852e-03,5.312268304434076237e-03,-1.320032907151049047e-02,-1.779879149342340067e-02,-3.760339690859537242e-03,9.373406491924444681e-03,1.434087535857700088e-02,1.101064032534394138e-02,-9.149938593412664314e-03,-3.390154036053589365e-02,-1.597032285753973921e-02,5.681627865521026235e-03,-2.667270571019827660e-02,5.052384459656221981e-03,-1.179951898354686390e-02,-1.164327907006167118e-02,2.239014016044377914e-02,4.374652597571524956e-03,2.740512345652956760e-02
-1.878505975925426688e-02,2.261482384261692333e-02,1.818160820484222492e-02,-5.990005559729457557e-02,-1.765414235390891980e-03,3.084448817847191063e-02,1.556114762335991837e-02,-8.826423131359076302e-03,-4.655807813436489695e-03,-2.606097562474395807e-02,4.125849801204561039e-03,-3.586344162450903761e-02,-2.030613487972305134e-02,2.238328720930964424e-02,-4.113008775064663845e-04,-7.268520977595114771e-03,-2.118222461028875132e-03,5.483788024974404346e-02,2.070375981516367481e-02,-1.551282749191238743e-02,3.333499500980707103e-02,-1.775898758171100917e-03,1.479433866721927178e-02,-1.173260905533285610e-02,-1.875711976636018977e-02,1.603825322511532800e-02,-1.537773498732952597e-02,-1.562636230996297670e-02,1.795668598318410358e-02,-2.324138059389211849e-02
-2.838504003495492811e-02,1.090108792699990940e-02,-3.919763249385626452e-02,-1.503451313335924487e-02,-7.312922240010582067e-03,-2.690613979874090234e-02,-2.234781042810803781e-02,1.331745856869900879e-02,5.849061322441223912e-03,-1.891422936600697588e-02,1.058971132070182612e-02,3.038556882021331909e-02,-2.564835619867880320e-02,1.225115896841361737e-03,3.953302695065460254e-02,1.222319778096838012e-02,1.626770248201379193e-02,-4.003053410003088244e-03,-1.595927512275235535e-02,2.286743389754723049e-02,1.307449888324063031e-02,-1.030463704704067361e-03,-9.306714496466609796e-03,-3.495450456838227610e-02,3.118124582380117551e-03,-1.383425529127499387e-02,-2.637085367620989589e-03,1.341950768506835687e-02,1.640005411407214828e-02,1.438001938091833590e-02
4.510128664410549548e-02,2.330237058360298819e-02,-1.492156351545406191e-02,-1.636603847094755815e-02,4.656301449177965845e-02,-1.326652316585834844e-02,-8.827068506632758512e-04,3.489718175512718235e-02,3.430631748991187779e-02,-1.092640583253504062e-03,4.838861630777563719e-03,-3.270218604161336667e-02,-1.816697401044175056e-02,-7.305182602193564453e-03,-1.132033897733615563e-04,-6.466409521141581497e-03,3.045879631514638794e-03,4.385403027790830272e-02,9.286817217980580796e-03,6.174143755095509549e-03,3.652711782833305965e-05,-3.438152099995460571e-03,2.465889200419500368e-02,-1.982522861430989838e-02,-2.511590501321157506e-03,-2.191554462168831402e-02,1.742594038467873722e-03,2.381006444672581924e-03,1.841013016226135390e-02,2.395323241632973943e-02
1.326128666600318202e-02,3.244518574180711712e-02,3.177006535945618715e-02,6.307173761102655846e-03,7.466937252506657824e-03,-3.872563383403600235e-02,6.404864094551091479e-03,-1.018310775568863363e-04,-3.376990423766982469e-02,-8.627720636835967821e-03,1.914847933544165312e-02,-2.477548652633672702e-02,2.585902329369418537e-02,9.495986374759575466e-03,-4.567761804870879190e-03,-2.846545743574388932e-03,1.659854208499097344e-02,-2.862788559021273160e-02,4.081523879793883675e-02,-1.626839059068955692e-02,-1.530566483894178244e-02,2.441536394378567704e-02,1.580104670023458127e-02,2.650783391299621830e-02,2.091962147728959262e-02,7.527918575962299318e-03,-2.552768293246178086e-02,-9.456798200773381194e-03,3.968787292434523307e-03,-3.436514092068223376e-04
-4.105565641365245544e-02,2.088810718709976921e-02,3.462284923942920978e-02,2.928190397383919133e-02,-2.035719252953755234e-02,8.719335594770873110e-03,-4.252996169169843965e-02,3.380036283966084132e-02,-3.879753819557622829e-02,8.210175264944066797e-03,2.325159377246210912e-02,2.582643461861471382e-02,6.879410294258171514e-03,-2.851300098213483195e-02,-2.023515860885713013e-03,-5.366369483698972542e-03,7.367183180938953295e-03,1.975491968031498763e-02,1.324081764616589704e-02,4.243233115339074130e-02,1.322101710244434104e-02,-7.776350166117661743e-03,3.259959104320363926e-02,-6.290561298893247028e-03,5.637270219087747725e-03,3.615558527272064171e-03,-4.586462716620477026e-02,5.536399068485654655e-03,5.788799070011860746e-03,-4.194101099447632847e-03
-2.825739505183938374e-03,-2.568806987043694215e-02,1.649266176760072434e-03,3.005850972803723528e-02,-3.545391360219673701e-03,-1.044251502971140291e-02,-1.215457789620203247e-02,4.034175816374663270e-02,-2.710486977754126420e-02,1.689899534673714940e-02,2.228236102933601939e-03,3.841792846913970327e-02,2.622530841768071219e-02,-1.766360519240267341e-03,-3.082937275152355591e-02,2.859279686543818311e-02,2.916087335288715734e-02,-2.209803989036919492e-02,1.490466994410262480e-02,-1.601533097718796372e-02,-1.552380612729216229e-02,-3.218626838872086504e-02,1.865810454998624579e-02,5.422568521986196460e-03,9.889994614166461653e-03,2.904949873453513409e-02,1.337249273186969477e-02,1.169125513672278002e-02,1.498547758133325289e-02,-2.129143688410750634e-02
-6.893026923138531993e-04,-2.412523109292501189e-02,-1.799826221216321506e-02,-1.836330029880252953e-03,2.123775236349375109e-02,4.116428027797917194e-02,-2.170386325785055026e-02,3.466608327169653711e-03,-1.418208724122777377e-03,1.054471244845784500e-02,1.164819764617935037e-02,7.248423285918584313e-03,-1.934353084894955416e-02,7.893508459056553656e-03,1.784653426155543773e-02,-1.026781664893005111e-02,3.956329847181077469e-02,-4.698263638938084130e-03,-1.267720395589181856e-02,5.927580768158631323e-03,-5.151789682791919726e-03,-2.734345628210968146e-02,-5.231357304593676734e-04,3.191404881796811033e-02,4.005064634879672292e-02,-1.134082920981445593e-02,1.810549207283631418e-02,2.650589097061629637e-03,5.677732593046117861e-03,2.534742426427479683e-02
1.704143056578085250e-02,3.086408315229833242e-03,-1.857488571371133240e-02,-2.247961683131703692e-02,-1.280362208946277764e-03,6.472266549337649978e-03,1.006343784518150611e-02,1.563938706751307611e-02,1.959170257596185016e-02,-4.806153393509143140e-02,1.806880666059261509e-02,-2.094895553161049348e-02,2.228137149513945842e-02,6.732886558845971661e-03,1.261119635574068677e-02,-1.081851496408152771e-02,5.653026427320765809e-03,-3.734425158780596554e-02,2.190493233409149254e-02,-6.616774772816334978e-03,-5.178160589660579100e-02,2.122967107318449176e-02,3.353547453304774051e-02,-1.752259032808020645e-02,2.425419771585498804e-02,-1.499510902224784892e-02,-4.533041259865418920e-02,-7.157849485586547517e-03,6.522729039858695017e-03,2.671022587556034968e-03
2.071958989892821838e-03,5.928457155246365066e-03,4.331113272457804732e-03,-4.320766069157232214e-03,-1.202762746306610883e-02,-5.316016950934397862e-03,-7.033451323160568210e-03,-6.058452468698072302e-03,-2.205906862570912799e-02,-1.085188769034345357e-02,1.644523775702296832e-03,6.188378208727854900e-03,-1.280578950373663111e-03,-3.673198284706655301e-03,1.068899747144326853e-02,1.628937321230086374e-02,1.360159757400969047e-02,-3.499818170857789401e-02,-9.108101825087335651e-03,1.411309174070650256e-02,1.030794647354142148e-02,1.359621202609485879e-02,6.287030160388520916e-03,-1.707073604622853791e-02,2.445129064681615325e-02,-2.719177748426540586e-02,1.971515584847477465e-02,-3.275026248119924238e-04,-2.945308448573327395e-02,-7.923176011072599959e-03
2.407503493034131997e-02,-1.176803339661016204e-02,-2.421204793628653137e-02,-5.775805675176093161e-03,-1.636149917083111818e-02,-2.501199958457184583e-02,8.750755044539416244e-03,1.596344615195610314e-02,-1.103462834382244219e-02,1.047245847289771450e-02,-7.740540298390450116e-03,-1.994282583136399844e-03,2.468048219851370212e-03,2.986567082784033489e-02,1.015117730344057903e-02,-1.998226217079775158e-02,1.031658471499993443e-02,-4.423765404734655154e-03,-9.327208178152204820e-03,-1.679522715039980657e-02,-5.252052511284590079e-04,-1.202648705733662870e-03,-8.043647290889587714e-03,-2.782294688196528670e-02,-3.414344586139044652e-02,2.559689840293086389e-03,3.564095069125020141e-03,4.366257374704080041e-02,-3.573260187261950716e-03,2.042848158343225917e-02
2.390407444638451007e-02,-1.221335107824875373e-03,1.536020068751532816e-03,-8.596874745555191377e-03,3.550318421568600391e-02,-3.016864342511172900e-02,-7.929229727540494524e-04,2.768245988207300792e-02,-2.153601266671475913e-03,-1.141874999557269434e-02,4.657652738904025612e-03,1.053976025365130527e-02,1.134886147372958336e-02,5.632866298709131476e-03,1.500182239395479213e-02,1.891402111997337113e-02,-2.213765824758309395e-02,-7.577836504953009214e-03,1.739382652490722644e-02,9.772400489611192398e-03,4.692002166966947885e-03,1.344957784236476550e-02,1.904307469401719452e-02,-1.716094118133566424e-02,-2.453888824287549925e-02,-2.307362921369548667e-02,3.717348258272382133e-02,-2.108865146495882831e-02,-4.691742450900126746e-03,-3.709565981696340709e-03
2.062120330418082403e-02,-3.476642197801947665e-02,-7.853642190681193146e-04,2.428776693697381334e-02,2.229799524381203407e-02,8.186239888729972963e-03,-5.218781747598717768e-03,3.515366893270034654e-02,-3.343894353038021072e-02,1.961970550423699708e-02,1.016355777291726506e-02,1.182073368815353583e-02,5.316176604822931036e-03,4.103602948940025981e-03,1.861575991604435404e-02,-2.306089577301245058e-02,-2.493103891090261287e-02,3.249064706876443522e-03,1.043015833644905929e-03,3.273203246794148188e-03,3.180865967010399614e-02,-1.158618707119283588e-02,1.502637522281530247e-02,7.688954074803556159e-03,4.733124804680970132e-02,-2.804373302997846540e-02,-1.092014236663497832e-02,-9.135800680656844600e-03,2.641205793208269148e-02,-1.639837141671763102e-02
3.315885999032668063e-02,3.196216626269375582e-02,1.731225301787872248e-02,8.747520804539742068e-03,-3.112356377873211691e-02,3.642990137566841629e-03,-2.861343317476721521e-02,-7.252527792230135592e-03,4.062014665927269133e-03,-6.177427579383980988e-03,1.901611244418216495e-02,-2.583522942593093844e-03,-3.097164440542351724e-02,-2.120114452061378288e-02,-2.547816780233195383e-02,-6.328607555318748433e-03,2.495169714039576284e-02,1.011492096293226117e-02,6.790189431594029039e-03,-2.570762786305303207e-02,4.738327705980394794e-02,-5.652632437683394835e-04,4.833825339664337556e-02,-1.734842892605002740e-02,-1.135692961072038397e-02,5.199322980534005351e-02,-2.149987958511478253e-02,8.374116413837586620e-03,-6.764105489561239928e-03,-1.626824679382018329e-02
4.322159193235915187e-02,-2.008262101621268586e-02,1.794870003194529856e-02,2.208625194967624508e-02,-2.023602910950951170e-02,-3.794450581708720682e-02,-3.561279794527410364e-02,-1.599166935615426235e-02,4.453293375050217974e-03,6.708842610076264264e-03,-3.780931483326554522e-03,-2.106131693015894472e-03,1.948094716759843359e-02,1.536305956806352860e-02,7.575084502833576150e-03,-1.233934236213743429e-02,1.555145557899955365e-02,3.624193548433131754e-03,-1.495670294421820416e-02,-1.153791754090722523e-02,2.457295516874417191e-02,3.690763925166713755e-02,-1.059453464860942926e-02,-4.156136308664410556e-02,1.174927433986724945e-02,-1.806525652407071220e-02,1.464996321652349380e-02,-7.519145554032800188e-03,4.459196959645472802e-02,2.244890106815946099e-03
1.805701402227185767e-02,-2.430107462567836565e-02,-5.638582876861542720e-02,2.706622368048334972e-03,5.239261802036958814e-03,1.440599271217789072e-02,-1.107622907309760950e-02,-2.583677009287587908e-02,-3.200990751696805581e-02,1.106281829409324832e-02,1.420581852187624734e-02,-1.751516656792528534e-02,-1.056069240568311210e-02,-1.456370884496515153e-02,-3.790414965761539773e-02,3.982312174330291527e-03,1.692032233228391372e-02,-4.466994214630875745e-03,-2.844944609301224697e-02,-3.966437669004669112e-03,2.728845381246862434e-02,4.259812123465733097e-02,5.381942785225322066e-03,-1.577882057391666662e-02,-3.971150920874624152e-02,-3.091872188470401114e-02,-1.777751003734518494e-03,4.515308604048254119e-03,5.132798488263490451e-03,-5.259549308934804469e-03
-3.086444209521856108e-02,-3.152911859458937954e-02,2.946487286483719364e-03,-1.649135763960880852e-02,2.609671083087874641e-02,-2.917825507011429995e-02,3.374195847341091015e-02,-1.332992364451204316e-02,4.463780027294142298e-03,4.463238586080111106e-03,-6.880150997176660496e-03,-4.026965689255625896e-02,-9.647907728356990009e-03,3.044920392067966899e-02,-2.561586550122699202e-02,-3.684218294607870953e-02,-4.377469939258454151e-03,-8.247741308191683385e-03,-2.585683516133283066e-02,-1.505145429533531580e-02,-9.621581658743974877e-03,-8.257489269304739768e-03,3.255476447225725840e-03,1.413326504645328469e-02,7.741498103450893987e-03,6.834974704636024613e-03,3.360285911059797403e-02,2.190606450010582421e-02,-5.825680306984903911e-02,-7.263236872553178319e-03
-3.153100381033904082e-02,-1.378272928274341946e-02,1.542147729686163711e-02,-4.023722481515025311e-03,-8.567785266032008559e-03,2.633943059083031224e-02,-3.007555883225560694e-02,-1.876287002393713186e-03,1.097517717686394105e-02,4.826940915738652275e-04,-2.326550422306088162e-02,-4.513512662541036805e-04,1.615024350739245607e-02,7.144999464655396593e-03,6.353828514897189722e-03,6.148960590702451552e-03,2.703833836220804077e-03,-2.482521604767292528e-02,-6.182043728035262198e-03,8.616753860179765523e-03,-6.229018405101525990e-02,1.514355931695652614e-02,6.748489242507878239e-03,-2.168359421828297204e-02,-1.492700199888524065e-02,-4.076825926473474394e-03,8.268699183472670231e-03,-7.480532937541447928e-03,2.334006215927013350e-02,8.262512249343873308e-03
-1.573142811761443771e-02,-9.423638380081309981e-03,4.551592469912917743e-03,1.456748063204654081e-02,1.360030951020244593e-02,-1.951875033421470286e-03,2.989900950844045190e-03,-5.020208277722351372e-04,1.643979850529293449e-02,-1.972489032612441406e-02,1.205685385576347503e-02,-3.704806126134489730e-02,9.020659183383197832e-03,5.124256313215173192e-03,-7.483038217065589369e-06,-4.265218660662108141e-02,3.133448140195888021e-02,1.796822290118008092e-02,5.089666617086520840e-04,9.174146614630953114e-03,-1.878764302357589441e-02,1.024546306897430696e-02,3.120174294242224894e-02,-2.356171179423036804e-02,5.385514966129582165e-02,-8.738579203914617621e-03,1.654815745883973094e-02,-1.652221563643744423e-02,7.808112656068277695e-03,-2.547878777980156634e-02
-1.317988027198485276e-02,-4.571545599426073657e-03,-1.311643220826236474e-02,-4.828599339854257842e-03,1.951905727491552028e-02,-2.554170441200036279e-02,-2.391506346975162678e-02,9.411850980404889034e-04,-1.128379342344372309e-02,-2.007498112171994878e-02,2.640655798761879988e-03,-1.128733711309618144e-02,6.722803925950225634e-03,-7.952014298931373015e-04,-4.024298048952084511e-03,-1.364799156119603013e-03,2.046480829496787057e-02,2.628208994220848291e-02,-3.192085785818914168e-03,-2.059935139269998897e-02,-3.022583204286017483e-02,-4.467156306762316148e-02,-2.351911902200713722e-02,-1.704639403502723749e-02,-1.050710977522844409e-03,-3.761077654735956594e-02,2.859382402661000619e-02,2.127111491548032418e-02,2.490340716903156545e-02,-1.025780429504495952e-02
4.880025221594732655e-03,-1.894728637217316797e-02,3.099619131202896449e-02,-2.426050125080486675e-02,-1.027250645081613512e-02,2.846831750191926649e-02,4.979624225496256940e-02,-1.834529578427874065e-03,-8.284684513527120625e-03,-5.014263873961742612e-02,3.420904033049178977e-02,6.163643559852005800e-03,-3.767881641004564713e-02,1.742713786953782595e-02,1.227762564078641039e-02,-7.087992463107323747e-03,-1.115672737824798845e-02,1.460250649672869584e-02,4.678906676289599012e-03,9.736672840752500641e-03,2.452989465219711923e-02,2.386379906825149624e-02,1.521026210945008311e-02,1.170569408172861432e-02,-2.556369447558696009e-02,-2.230918334039208584e-02,1.637045436008136012e-02,1.294405556894289398e-02,1.036363481870465619e-02,1.680694379642444156e-02
-1.108006693419905965e-02,1.129846864447404259e-02,-1.977762024326142759e-02,1.247602803248581797e-03,1.858651899855279579e-02,-1.353728935762180466e-02,3.905815866993151558e-02,2.268158987779943236e-02,2.744214308839923802e-02,-4.223128024821847307e-03,-2.777898874981507213e-02,-1.397179661450103326e-02,1.103333943289978684e-02,-5.580060667596480235e-03,1.442730336717399850e-02,3.009098347567976117e-03,-1.179507506402620309e-02,1.868430578118991311e-02,2.703489399875602661e-02,-1.464298424674404138e-02,1.023815244041698276e-02,3.131883583078410443e-03,5.617593192226734249e-03,-2.082149311243253111e-03,-2.505362861726655871e-02,2.819047515105643428e-02,-2.087183734160009616e-02,-1.741252676302908545e-02,1.312541184847158295e-02,3.597495996837923003e-03
-1.592074083888217126e-02,-1.315094752961412129e-02,-3.173949816741546918e-03,-8.721643599379734491e-03,1.293052648099891379e-02,-2.328438236513367954e-02,7.266413583008469838e-03,3.061069635762617494e-02,4.027243851278947302e-03,-1.776586816298978896e-02,-1.446076963550159238e-02,8.732895214392296518e-04,-1.248428174432605377e-02,2.469204544006379023e-02,-3.680767394925780339e-02,3.277925636047478858e-02,-4.049979627042340352e-02,-8.201774656654305367e-04,-2.165944409061748566e-02,1.640366477549523583e-02,-1.548067353154282400e-02,-2.266135695615642542e-02,-6.800499642980529710e-03,-8.220174075275780631e-03,-3.870060264570829300e-02,9.090322875500942215e-03,-4.785250982689179255e-02,2.352674624473986148e-02,-6.601297498067038895e-03,1.906013558628601515e-02
-1.201116370242682335e-02,-1.586214133619747932e-02,1.303496282878200373e-02,-1.168279515145836597e-02,-3.095212162000883852e-02,-1.741537513450435413e-03,-2.754139211437185361e-02,-2.581444433225275328e-04,2.757879002561969620e-02,1.925336750871637151e-02,3.703462285525212770e-05,-3.314374558040109487e-03,-6.335707926542414291e-03,-1.275090791543666453e-02,7.101477656452197425e-03,-3.157701921440269309e-03,-7.633983039215105557e-03,5.400954793080065507e-03,-4.036753462948548810e-02,3.912960359730437848e-02,1.260267685026390805e-02,-2.787526642604747779e-02,2.300930225261478383e-03,-2.258170297678618876e-02,-1.078536681037711893e-02,-1.790218846828673521e-02,2.183721669681205901e-02,-3.841466934282692508e-02,-7.087868061654250922e-03,-3.298125927560203313e-02
-4.089924260518580765e-04,-6.354160361890334729e-03,-2.813439835128450639e-02,2.879468829547181946e-02,3.126885834715736889e-02,-1.128365005157597016e-02,1.043856384131554120e-02,-2.976133573262567354e-03,4.868814158685588929e-03,3.064261928206836461e-02,-5.372812275783209017e-03,3.584334967135505146e-02,-5.763897068609302732e-03,-1.871078686867980005e-03,3.778634875100408269e-02,5.504343946444909506e-03,-4.063883267414786921e-02,4.496057498086825609e-03,-2.563706459631218820e-02,-3.325205787726203538e-02,-1.885285727091074934e-02,6.521607615788532590e-03,-2.226735304824168163e-02,-2.802517017665707641e-02,-7.595230643223544430e-03,8.092212965363148464e-03,-1.392756568089110851e-02,-2.612872770591166335e-02,-4.345385228024387092e-02,-1.552404975843346864e-02
1.688616883311551062e-02,2.004180442305740495e-02,1.579622903077699744e-02,-3.505824844269290162e-03,2.587027674405986341e-03,2.535406891079287212e-02,-1.737354854394099202e-02,7.281511521429750132e-03,-3.741792792066649803e-02,1.364595324232257753e-02,-9.020860774853560124e-03,-2.311262870047034457e-02,1.545667896534154602e-02,-2.222469904329942014e-02,-1.734563356232082451e-02,3.073636843038166783e-02,-2.092050168699271379e-02,-1.312010053467512795e-02,-1.366508988026371961e-02,1.569601904652545912e-02,-3.671823394638247529e-02,2.500791365975629441e-02,-4.867077280606891057e-03,-6.337327096078482214e-03,-1.793362833814300325e-02,-2.909026553349419123e-03,2.940787044989520704e-02,4.257047728928205904e-03,-1.865080383735647981e-02,-6.947103252994762772e-03
1.068906133159078405e-02,1.706501443749049250e-03,-5.146211830874545742e-03,1.209145826290383696e-02,7.221733702217447530e-03,-2.155432029536773209e-02,-3.829832704576595359e-02,1.000976406461321321e-02,3.714888242655905309e-02,-1.641462788532215347e-02,-2.820234345120613533e-03,2.708162765010453318e-02,3.479267930877109893e-02,1.304717753531321701e-03,2.499450548129916738e-02,1.501267941428109133e-02,-1.111631460737433352e-02,-4.037623235841054925e-02,-1.818855123193995060e-02,7.384586628115316111e-03,8.385096684218593110e-03,-1.004489103422074280e-02,-1.715399918777698457e-02,-3.200610480101390154e-02,-3.360667354752965713e-02,-2.442402401766176519e-03,-3.149467846792922826e-02,-3.021197945744207437e-04,-1.595961743821710729e-02,-8.523290853541134679e-03
4.250735388076254395e-02,9.652505926040254921e-04,-6.871058368166454988e-03,-3.466716658930038466e-03,-2.947314425313387123e-02,2.678298526801773521e-02,1.695632838440986820e-02,-1.063990263449172968e-02,4.585763378736078602e-03,-1.343155451623487609e-02,7.925624591588801421e-03,-2.685945436914316184e-02,5.349414055307287648e-03,3.002539676779754016e-02,8.925625486194427999e-03,-1.180178774237539835e-02,1.899539958873788792e-02,3.901085992679784176e-02,1.461868066355624489e-02,1.944680257585803878e-03,-1.604436653370730839e-02,8.712780585215627524e-03,3.844533489719714064e-02,-4.033760335415680770e-02,1.954578843660464624e-02,2.955837481079526263e-03,3.026713356176470235e-02,-2.558700322437831767e-03,-4.327445000502076755e-02,3.982874781655969948e-02
-2.318765788368994454e-02,1.600640443667915302e-02,-2.551405678418214480e-03,-7.917259122598450981e-04,2.752477132691064868e-03,-1.091732135782101480e-02,3.731677141393068779e-03,6.153500395194895153e-03,1.603201123451577365e-02,2.500430203759198416e-03,6.373843169305876306e-03,2.656369042891496696e-02,-1.804043619196899970e-02,1.402877938056671910e-03,9.566250284783537131e-03,2.070872804890000474e-02,-1.271642858497006685e-03,1.986977723789161432e-03,-6.898938642567566289e-03,2.480512055078703398e-02,-6.423441012004383818e-03,1.370585199700439030e-02,-2.037501982643010953e-03,6.168942749370075066e-04,-2.446116430858193483e-02,1.134241577353629123e-03,-5.929216949328497063e-04,-2.967200970493933179e-02,-1.480880790207275352e-02,-9.077045717763345886e-03
-3.057409177069934231e-02,-2.434327535757017241e-02,2.939126611098323918e-02,-2.059964847503102658e-02,-1.713355967916880759e-02,-2.791522222587312224e-02,2.454763836291844192e-02,1.836416326992795084e-02,6.364332366635350006e-03,1.684814065842608899e-03,-9.837474990873354419e-03,-5.688183212705266029e-03,-1.348309480358088341e-02,1.316534844186284525e-02,1.384388750989050919e-02,1.825256847047349723e-02,4.097790068283954645e-02,1.414337264871305330e-02,1.269056837655558635e-02,2.007395954132519533e-02,-3.084019715692374111e-02,9.464928813513706868e-05,-3.025005795740404527e-02,3.154504325030494521e-02,-9.860192336569505167e-03,3.546241539355319411e-02,2.123046200759822616e-02,-1.104472411469406730e-02,-3.319532987118574419e-02,-2.248034667497128200e-02
2.077442406511875034e-02,-6.426052094578228735e-03,-2.962570192173351324e-02,-4.494234213175372916e-03,3.385411997163983305e-02,3.218473726827331127e-02,-9.461723045734673002e-03,6.162304007099949493e-03,1.225491480061293922e-02,-2.958330306947607596e-02,-1.065844970724581266e-02,-8.108267570077631534e-03,8.081043733691653866e-03,-1.020602647337052679e-02,-2.794773993042942370e-02,6.484136262617287011e-03,-1.284014717995893805e-02,-2.455792380249059020e-02,-2.450793599205699710e-02,-4.459566558606659938e-03,2.902114048106411298e-02,-3.490919585038718305e-03,2.146250168110062570e-02,-4.492263107911383113e-02,-1.677322117557073639e-02,-2.515979674564117197e-02,-5.491103725995261087e-03,1.540389616974079459e-02,-1.092933634727038736e-02,-2.488983348038652926e-02
1.895478833473778629e-02,-1.524265014653424129e-02,5.451162123521885276e-03,-1.329994529371048527e-02,1.034253043808056396e-02,-7.670943080687111885e-03,1.590315647640018829e-02,1.242008841871093672e-02,4.442538903682652363e-02,-1.603487962626408501e-03,-1.950662664043625871e-02,-2.322234514678347614e-02,-1.194634163511733294e-02,7.506286196005895577e-03,-1.427650030594403499e-02,3.037935077424301633e-02,4.006363311081167534e-03,-1.954037910284046192e-02,-9.259065002788174556e-03,-1.276760903282124146e-02,3.565345152407928438e-03,-2.050747235099086019e-02,2.563928625563123911e-02,-7.126186968683907892e-03,-4.745593633514081679e-03,1.846299907702522725e-02,-1.496943963403189228e-02,-2.742395021354159716e-05,3.584427594704075321e-02,8.222864252223091239e-03
5.876458863476105056e-03,-9.527907036439577440e-03,-1.988480099568158341e-02,3.497618089942650804e-02,-3.202158775219686275e-03,3.795982706389890854e-02,-1.367789499008153879e-02,2.509905567517160124e-02,-4.106335363202240005e-03,8.335635356351834419e-03,2.433417283621342256e-02,8.830692217591118096e-03,1.605154036966087439e-02,-3.125859268392616047e-02,-9.214030555963726235e-03,4.089377829664606057e-02,-4.582728270144954472e-03,6.372592606889910562e-03,-3.261795324534844370e-03,-1.243156045586284002e-02,-2.988117728986253857e-02,-2.283483505779305978e-02,3.365140553549372110e-02,-1.581212737566236410e-03,-2.377617271002996011e-02,-1.808130808336669976e-02,1.746857239288866076e-02,-1.894299870074694567e-02,-1.250703661499049865e-02,-2.233267200373632508e-02
-2.518260441950561160e-02,3.298122479316061700e-02,-2.817791176935433798e-03,-6.430138363657994516e-03,-1.202899253798608500e-02,1.424905770259498987e-02,1.229426533388597005e-03,5.846831150951473793e-03,2.737317014349653806e-03,-7.146433576934130456e-03,-9.617769424775306913e-03,-3.469804243647250930e-02,-9.835564538595005166e-03,4.327115824089349666e-02,-2.478873239717200097e-02,8.743693690010547858e-05,6.714508501794502759e-03,2.388050230883014338e-02,5.316553198229437283e-02,-7.935918642724755501e-03,-1.754206575391647344e-02,2.120344401218012334e-02,4.260178000879973927e-03,4.012755986751688486e-02,1.450674125776559888e-02,-1.337594251256984598e-02,-3.932702327386385956e-03,8.460777119840581090e-03,1.001377718511437150e-02,-2.268230629678758339e-02
-3.848413153585119456e-02,-3.207553554165148979e-02,1.234320222039716683e-02,-3.064765211456595400e-03,-3.669682976628781124e-02,-1.101680496327089170e-02,-3.874030536792388152e-02,-5.263570818441469512e-03,-1.730719216026274307e-02,-1.115931599622024990e-02,-1.687097547187964026e-03,3.652599341879645984e-03,1.191107396160314899e-03,2.583355336218307041e-02,4.802056742428309488e-02,1.703928761476961734e-02,-3.792647647663433420e-03,1.503935576239447992e-02,-1.454532987358945519e-02,-1.651674377761051804e-02,-1.742489192368274278e-02,5.847189098993405519e-03,2.477011562482353546e-02,4.448271515763976836e-02,2.648543067801086698e-02,1.395374733234969189e-02,-1.376653391853994469e-02,1.532964186073482735e-03,1.086918570648007579e-02,-2.445061639173415260e-03
3.725723354152835759e-02,-1.639901487124247395e-02,-1.428275618312615548e-02,7.600899800216006676e-03,4.013600892278956084e-02,-3.625484791484365199e-02,-1.692080420318000517e-02,2.575806024051477752e-02,-1.357902013416800377e-02,4.118189575033549821e-02,-1.643039330672418225e-02,2.144652006566291277e-02,-1.763549544539434050e-03,9.191178821678283942e-03,-2.071770196137228195e-02,-3.212415009184880349e-02,1.551099134512779788e-02,-1.058615187303500564e-02,-1.837386102270291421e-02,-2.210585696996035521e-02,-2.090071522556818592e-02,2.706453320096879889e-02,-1.845286559492484435e-02,-1.084945690063063642e-02,3.933368812180592505e-02,-8.646317926655577510e-03,-1.131274079961442237e-04,7.353018039582499832e-03,-5.919981794689825605e-03,-1.376253274419531915e-02
2.557769652202231819e-02,6.396614037134144837e-03,-1.258987209331620567e-02,-2.770596197908738526e-02,-2.315344127242256397e-02,-2.049090795839445672e-02,-4.311967996615345688e-02,2.347876821143557100e-02,2.042013864747465116e-03,1.073307728626393676e-02,-2.837748625705985642e-02,-9.702153957769745277e-03,-4.801990367383733582e-03,1.511795604743381262e-03,-4.125719213443211804e-03,-2.489848722269576153e-02,2.183698452166468046e-02,1.420568044330715839e-02,1.497200455870730017e-03,2.064467601560153812e-02,2.416206863214678466e-02,2.787812797056010358e-02,3.260507891760391821e-03,-6.295900748438026939e-03,-9.596238669389004286e-03,1.782465966900782101e-02,-1.402929792827469282e-02,-1.827052246825948412e-02,1.108793823349681074e-02,1.046008348803748912e-02
1.273099271588220595e-02,-1.698436082345376394e-02,6.014744060246549756e-03,1.830594407028805770e-02,-9.596629330319069590e-03,-5.362767013138380195e-03,-5.959081098980578695e-03,3.038436761172656070e-02,1.801617229813666857e-02,-2.681139734968243996e-02,-3.041503029226520771e-02,1.300221419025023202e-02,-4.262061857777785581e-03,1.065144951227397878e-02,5.313908629619540532e-03,2.019201751643504017e-02,-3.251430045807633673e-02,-1.095726011776996037e-02,5.019881425936147806e-03,4.689390650506097651e-03,-1.896278714585650921e-02,-1.054317880253526941e-02,-1.171685633962704816e-02,8.935833373741942139e-04,1.401128501479802745e-02,-5.509369921069815976e-03,-3.061081087316952498e-03,-4.188355009299070397e-02,-2.122206876337264306e-02,3.705960110440338628e-02
-3.429415254033899713e-02,2.728783682501791097e-02,-5.957835816885607635e-03,-3.926403496995006792e-02,2.915369165632904908e-02,2.568137785448874888e-02,-1.006496444656471319e-02,1.734553981134206654e-02,-7.117890721678122624e-03,1.018525479071062494e-03,3.325389996302817366e-03,-4.620211064950267323e-03,1.048745243587490862e-02,7.714980109925205845e-03,-1.045769777081742048e-02,5.919863209811335007e-03,-1.041175056787863561e-02,2.676373126466004022e-03,-9.937391984453550209e-03,1.945813481319620675e-03,3.201291780357837929e-02,-1.307782846073636020e-02,-2.926254097167373808e-02,3.188290926839511957e-02,5.848888101467782097e-03,-1.301228369083009401e-02,-4.992998645191533240e-03,-1.827502122946797827e-02,1.875687688048235935e-02,1.426678016518155567e-02
1.257144715008549907e-02,4.404068554394353040e-03,-4.100083288467077508e-02,-2.373956790554638055e-02,5.688006143329451397e-03,-5.309897828410481413e-02,-1.585112293548876896e-03,-2.050624734903641611e-02,1.266587400862578122e-02,-3.932027608758414602e-03,2.117836228638167451e-02,6.753093388516712668e-03,2.274975040486149850e-03,-1.946679064000574402e-02,1.255417243071848057e-02,4.758565217188170937e-02,-3.420888890951298555e-02,-2.047468784816373205e-02,3.328185366424275121e-02,1.023582463394893775e-02,-5.918592388449994690e-03,1.563956856047899260e-02,6.649842057002522053e-03,-1.305243886444587553e-02,-1.336581823536551680e-02,1.710550538762753078e-02,6.866094378020737646e-03,2.155364962189317349e-02,1.307561495047782074e-02,-1.227990624792337990e-02
3.048232324270194055e-02,-1.846325826921270744e-02,-9.065901528811926013e-03,-1.565564321598112915e-02,-2.802360344988406513e-02,1.245187327211941253e-02,-2.105706453908052708e-02,-1.368449685074533441e-02,1.885545847389398857e-02,1.730426299614298488e-02,-1.242848427353369922e-02,-2.616078872173841982e-02,-2.085073003936232638e-03,-3.195731775201227087e-02,-2.020848416970992892e-02,-7.755525966618266424e-03,-3.162604471015917525e-03,-1.110460423343214049e-02,-2.906898028818746208e-03,2.764080641189589627e-02,1.254252323716819467e-02,2.758452514708692460e-02,1.792058797302515175e-02,4.639633378388345608e-03,-2.427680548806793182e-02,-2.672174163667201396e-02,-4.117055706650548730e-04,-8.172152290254988682e-03,-1.869086194785712224e-02,8.194092258998727021e-03
2.448158356530753810e-02,-1.361749698553786636e-03,1.716711184820695095e-03,-1.093929736032396745e-02,-1.375881815193405466e-02,3.947306073693375439e-02,-2.512822037254989344e-02,-3.224493305910811156e-03,-8.942802958927940221e-03,-2.197832687085188048e-03,2.092666729963637770e-02,1.987525268362790379e-02,-2.802239951133134697e-03,2.246991409442068710e-02,-1.533094344601515502e-02,7.113542244083522099e-03,3.559024051275946898e-02,-1.155175878616438064e-02,4.102348147425259085e-03,2.997159870020974295e-02,-1.684955106172919895e-02,1.286502910799196394e-03,-6.296007466879682650e-03,-2.233886191615678390e-02,8.085222195702795531e-03,-1.688258118162947602e-02,3.311508900475707701e-02,4.132238336484443816e-04,-4.202990891069234222e-03,8.174359537319369953e-04
2.055747630190729158e-03,-3.984484499912069148e-03,1.144570387500779647e-03,-1.149623118735193170e-02,-9.988790016264844501e-03,1.054087018270755127e-02,-4.272700634143635628e-02,-1.598966397423870825e-02,1.711040922239381423e-04,6.847609103671532457e-03,-7.810829757769461798e-03,2.724480870228830447e-03,-6.989293990128149330e-03,-3.721427132020298928e-02,1.880941695724468871e-02,5.359919918104192813e-03,-1.914714044237201401e-02,2.949949907271179686e-02,1.354988985138800249e-02,-1.251008925574574084e-02,2.213133461021871834e-02,1.078055660034974231e-02,1.657749544795725921e-02,-1.203587506192013018e-02,-1.113266974092660261e-02,-1.644928301492619080e-02,-1.082116950073695218e-02,-4.626176721847297807e-02,2.167532144450693213e-02,-2.360896382442340471e-02
1.139424788581104402e-02,-2.596438607759360764e-02,2.336136320424581341e-03,-2.384703357296749995e-02,-3.975796254929223322e-04,-3.199392480749221196e-02,-1.183842110542657720e-02,1.319281484682043037e-02,4.277924562076529207e-03,3.420918075531197838e-03,-1.716871855411608236e-02,-4.393064428657470627e-02,-1.786051503928003450e-02,-1.021901501260367821e-02,2.958497971600932211e-02,1.139047809578253023e-02,6.329247328973723781e-03,-1.163726768707712238e-02,-1.458519107420812137e-02,1.281243502986450719e-02,-7.441024958358631244e-03,-6.737889320352018728e-03,3.835709004541529993e-02,-1.963638726150461825e-02,-5.632114188365256249e-03,-4.993799070312307346e-03,-1.302666228268549442e-02,-2.823133153701347028e-02,2.544701374491575505e-02,-2.824892585063955297e-02
-1.815228778408917512e-02,5.125304453672958373e-03,-2.487471406473448082e-02,-3.115995033361277592e-03,-5.131901083068736262e-03,-4.735000910718333705e-03,-2.801334424413364638e-03,-2.816841377699843760e-02,-1.099005990386725355e-02,2.569025821692932920e-02,2.327887079225032449e-02,-1.161556961093494246e-02,2.169791711362162659e-02,-1.879730386369577941e-02,-2.727916989312637042e-02,-4.034526243743886270e-02,-2.225996482881225161e-02,9.197553143917229501e-03,-6.510958606195076624e-03,3.323268246074059101e-02,1.678872766068828862e-02,-7.084294580297585686e-03,-4.465611001599189937e-03,-4.318235167868261087e-03,1.998211803148041560e-02,-7.683796905206894366e-03,-2.900426832605914012e-04,-1.470888600954280145e-02,2.597508493898975646e-02,-6.982204840220898601e-03
-1.293593180300437080e-02,-3.040281498598663978e-02,1.932494938014374733e-02,-1.183404876285867879e-02,-1.407764840724814569e-03,-8.208934393721662240e-03,-3.730365778210959025e-03,-3.965096211986447738e-02,-1.569158344507278272e-02,-2.167222882116732682e-02,4.356790760407127511e-02,2.693731858894327438e-02,8.761535477382644682e-03,4.973527521710534999e-02,2.554644717928791775e-02,-2.689446846253827281e-02,-2.570449425376794203e-02,5.357299631006297823e-03,-1.387490365068626491e-03,4.229546172899781992e-03,-1.649862323305621020e-02,3.691008403762818108e-02,-7.022269537311711871e-03,2.240460696163624685e-02,2.918783139323525080e-02,-1.170470793875175337e-02,1.152762249900896041e-02,3.185956824170502882e-02,2.916490690190398291e-02,1.503537755076993741e-02
8.794106889081164044e-03,1.577008973263059090e-03,2.537533821364522033e-02,1.166121246355794269e-02,2.485825452470899390e-03,-9.454140190287759274e-03,-2.705314218141924992e-02,-3.470473720011795372e-03,3.728914753198988435e-02,-9.672241285544662392e-03,-1.282445640150787526e-02,-4.813241676930523141e-03,-4.257375582694908692e-03,-1.118349941807003471e-02,1.286475233316485001e-02,6.515864619686170117e-03,2.365741658188008981e-02,1.203020741006858088e-02,3.729687405314722082e-03,-4.206132524845546117e-02,3.942946576327654995e-03,-1.306259525128076852e-02,2.155455715774009726e-02,1.468798405872954495e-03,-1.525235666134748709e-02,-1.086481168002657351e-02,-2.402974051802710120e-02,-1.095094260559303229e-02,6.303736461373542557e-03,2.357647134313639592e-02
1.039711912272190709e-02,1.619391623854466583e-02,1.782210707748736744e-02,-6.472530498375803076e-03,2.906291726235930156e-02,-2.703413559219465176e-02,2.467648704434003120e-03,-1.051510531258788642e-02,-3.930890878797926868e-02,3.317989325527812006e-02,-3.995382894238749816e-02,1.378700490130566232e-02,3.586350086758499645e-02,-4.062468326973682139e-03,-2.307433061307248567e-03,-3.797566254747339332e-02,-4.996140009115020847e-03,2.901836684317913792e-02,-1.044238893533593754e-02,-1.948797940474246079e-02,-4.631499919917907160e-02,2.571357183877183775e-02,8.235768020783624035e-03,-6.040391139331008526e-03,2.085567727470057781e-02,-1.061362749389384644e-02,-6.680370810926733460e-03,4.248041796665944642e-02,-1.792531350838940177e-02,5.806647513228145596e-03
4.470469782297419037e-03,1.948840819533114842e-03,1.254750094973858699e-04,-2.613321409134844800e-02,-2.750018284550014534e-03,-4.849419286253918784e-03,-1.337848883635012025e-02,-1.667079937649256632e-02,-2.003444518594868842e-02,-1.618853765463208749e-02,8.181919320840473284e-03,7.291248606406204504e-04,3.310994985980024452e-02,1.206665781375139586e-02,-1.190117099192501519e-02,-1.078231287952692401e-02,-3.459436272178269267e-03,-7.000422561829597670e-03,7.388073631033575917e-05,3.882393280756839954e-02,-3.039574502854362065e-03,2.639939796822065796e-03,-2.383273652254051106e-02,-3.001093216301520261e-02,-2.712831970482875669e-03,-8.345716925215714357e-03,4.034084376842341467e-03,2.713976033564548251e-02,-1.020928927677910297e-02,-1.369176801478340713e-02
1.956996324863813710e-02,-8.713588243362681979e-03,1.150299496295122213e-03,-2.113590180423841926e-03,3.758369715730623672e-02,-3.366272421723426334e-02,-1.641811469522030248e-02,1.301585198455149084e-02,2.320192191852506886e-02,-2.058137043985175732e-02,2.357681959385893658e-02,-9.420713275559426669e-03,-1.452522800216530727e-02,-1.260250089927610409e-02,7.076607360753312155e-03,9.692125445196082476e-03,-1.749559073857758981e-02,4.119276557025516698e-03,-7.641832052177528235e-03,-2.385554753404840744e-02,3.383572698475198481e-02,-1.935038302673786417e-02,2.050809942699530642e-03,-2.329727243942477516e-02,-8.627876160255291277e-03,1.817438817748544657e-03,3.227909889608494669e-03,-2.047513208094909123e-02,-2.397461478425970318e-03,6.998921182874213130e-03
2.968355495295441765e-02,1.596304645044619927e-02,2.145764072577974191e-02,1.266048467272053342e-02,-1.334229188901563112e-02,-6.567347289588520119e-03,1.813060846507034973e-02,-1.374852243761100559e-02,-2.242699783032061842e-02,-8.755486525588038410e-04,-3.635990727102762776e-02,-1.564842369896302793e-02,-2.279096747377384879e-02,-8.249927546743054257e-03,2.624683933614285064e-02,4.638369874671579435e-02,1.186101627002989455e-02,-1.921258626299086197e-02,1.462201215661286524e-02,8.409837352706919095e-03,-1.204736322033288579e-02,1.762154216398262307e-02,-9.671274576449576110e-03,-1.158889334848034469e-02,1.147418222020328213e-03,1.370924857826685134e-02,-7.366360656095200486e-03,7.104405275641703307e-03,-3.658845317192603586e-02,5.845579120510039500e-03
-9.568806628513936222e-03,-1.045840341706268974e-02,-5.051579494601221576e-02,-2.898404936784074182e-02,-3.491092321228710799e-02,1.210907561920094959e-02,-1.843862895052430367e-02,5.466386552244972136e-03,1.317818635398427217e-02,-1.092831312792491398e-02,-2.054917153118275552e-02,2.421020225982908544e-02,5.238827530667426388e-03,-2.465366990995262325e-02,9.608304650795760835e-03,-1.327637696546900281e-02,9.297837266702720441e-03,1.652350525386705321e-02,-1.633877451051861732e-02,9.832808330471367458e-03,-6.022900150725896129e-02,1.094256117491610759e-02,-3.920114230548152334e-02,5.051109691588435979e-02,7.083248753929746212e-03,-1.227094954262781396e-02,2.266560469612846282e-02,-1.568890269242848717e-02,2.383503000617720208e-03,-5.698131699406639751e-03
2.355281313620375997e-05,-1.119089363493945034e-02,8.762796006479755748e-03,-1.479699649161422305e-02,2.250411176948764139e-03,1.256986951092764135e-02,-1.191008524046768477e-02,1.671249334961666388e-02,9.714467219527171682e-03,-5.910465716705893581e-03,-1.027990928411620652e-02,-9.758982617741510752e-04,-9.056965880826358187e-03,-1.027661507457613629e-02,-2.653829746986661672e-03,-4.244760776863119173e-03,2.135544846622648360e-03,2.839573972199579271e-02,1.823543149117572496e-02,1.699119970675310592e-02,1.034632130730813240e-02,-1.207577006219812121e-02,-2.121323009611793958e-02,-4.551271293293600306e-03,2.372316966992180087e-02,2.398393781861868704e-02,-2.916043073547555306e-02,-3.548292205866033361e-02,3.349720455548753362e-02,2.850027011864418244e-02
-1.253123612795349964e-02,-1.544353250977485150e-03,9.997769340940705022e-04,2.206369832214589641e-02,-9.759527129862544809e-03,1.183580303298939138e-02,5.475564289846885681e-03,6.012625843011758231e-03,2.108033143739407658e-02,2.933175147206601614e-03,-2.562643741023602414e-02,1.804809362702418027e-02,-9.740957326125577673e-03,1.795623470524377457e-02,5.294983211944427788e-03,-1.956053656054106485e-02,5.101004650427153238e-03,-1.270069241239662160e-02,5.404338989734572794e-03,-8.085853082162149097e-03,2.020101019769860937e-02,-1.423453896491148549e-02,-7.352653661614635267e-03,-1.399763479889097433e-02,-1.587796353642205449e-02,-5.395065703760578563e-03,4.284154276278958999e-03,1.121444779791364553e-02,1.020773143530682775e-03,-9.101632062150864441e-03
-3.118167276083338990e-02,1.884256281469184544e-02,-1.015238620128127919e-02,8.014651895124728920e-03,-2.130214923406021157e-02,3.028443734595843637e-02,1.383110782668879601e-02,-1.777305493869755712e-02,6.961303113100011410e-03,2.685471588241833754e-02,-3.532417769445740565e-03,-3.402602734092078501e-02,9.136265928736909611e-03,3.694818609687836736e-02,-3.194459254589959024e-02,2.049653221389527435e-02,-4.657111055447886103e-03,-1.823349555417770737e-03,3.834697592846065400e-03,2.463841125634326328e-04,1.725575614788517689e-02,-2.329133254513729087e-02,-1.720796045392959488e-03,-1.871170817221405602e-02,-1.021424190372813116e-02,5.945148585265470215e-02,-1.691906677534731757e-02,8.977100507201766708e-03,6.126448889389022115e-03,-3.839902373836900917e-02
-2.294434635061275846e-02,-3.632421864439645820e-02,-3.057552848632855234e-03,-2.629304348303683481e-02,-1.794505584587960390e-02,-3.070258225625920739e-02,1.346389106053269211e-02,1.193729634240907160e-02,2.972713003947325197e-02,-3.517484718518279138e-03,1.476176963027841897e-02,2.259200547538823406e-02,4.184080749935861765e-02,-2.499103271900654510e-02,-1.620683332460810810e-02,-1.961913643886189704e-02,-2.773256621377385989e-02,1.428882799348457633e-02,1.456266754006743311e-02,-2.795627703787127716e-02,-2.171449129515997528e-02,6.273983235962082676e-03,-9.834093982884314217e-03,4.580249841021986207e-03,-3.381520364347058438e-03,2.120032878524336431e-02,2.253417712768953154e-02,-3.659698568886305542e-02,2.712569987450360806e-02,-9.636241511790178196e-03
-2.268064941540231735e-02,1.205813066578068603e-02,-1.959396850890619476e-02,-2.514478233704571172e-02,-6.899427965339411349e-03,2.722392495317610406e-02,-3.635826449514124176e-02,-2.082646575804467104e-02,-3.383093114431522108e-02,-2.409460293272836298e-02,-2.971218200616697596e-03,-2.639577659049410774e-02,6.207550401273321042e-03,2.116394964344332861e-03,1.444409623446192906e-02,3.840070869424623556e-02,-1.976947278145828324e-02,-9.618734114375844177e-03,-1.208609222561655809e-02,-9.043322525151142530e-03,8.067247662964554394e-03,1.199675379954288738e-02,-1.011921018920423909e-02,2.663407485148784615e-02,-5.432746729413699162e-03,-2.317755578581125186e-03,-1.779824614786332249e-02,1.335950671084949574e-02,1.491423244950530747e-02,5.606738814871481977e-05
-4.306019605477797579e-02,-4.877027202496856013e-03,1.186548119702087595e-02,-8.345707119430209597e-03,-1.934561017194704217e-03,1.025112386315642568e-02,-3.638784132562979806e-02,1.589412340845092197e-02,-3.787396948966487847e-02,1.910795208485503239e-03,1.149919434332637852e-02,-1.003896209761404208e-02,9.342986021874668048e-03,9.877199177827153745e-03,-1.063464172359660821e-02,-8.487571769174740571e-03,1.607785115343550800e-02,6.129466642377639010e-03,1.200978215533529160e-02,8.216723139635345383e-03,-1.138657717422324016e-02,-2.113938929064580058e-02,-2.042767037061372221e-02,-2.671900352140406040e-02,-4.017627472284379664e-02,-1.180049085783851752e-02,-1.801628164786521144e-02,1.286663029136083042e-03,-4.565671137001008073e-03,7.462981634258489087e-03
2.251660539624909807e-02,-1.961861782207635976e-02,-5.004863179636033499e-03,-7.614720665802277196e-03,-1.747137401181023120e-02,-2.386017417874352828e-02,1.192973988395637855e-03,5.271196765752351847e-03,-5.545567010887783241e-03,1.124713053718748475e-02,6.236188739012060896e-03,2.023326390545859138e-02,8.652519836329176711e-04,3.063837183311454802e-03,2.241591277576472641e-02,-8.632314617389981459e-03,9.240952704251593000e-03,1.990689864050622718e-02,1.805322774794541896e-02,1.663687168373628039e-02,1.250155780159412609e-02,-5.642185398691937186e-03,1.968879645845164963e-02,-1.005739585558079047e-02,-8.403176735164243766e-03,-4.246620406904186122e-03,1.084117094993567246e-02,3.219013740106688171e-02,2.642574249917041193e-02,2.548781432803034694e-02
1.383655649992268817e-02,3.111973911541701578e-03,-1.734992231996075260e-02,-1.166319616258692897e-02,2.797225876469008454e-03,3.414360315088420944e-02,1.157228525626682707e-02,7.457906384178146150e-03,1.163194753983269603e-02,-2.680441625428801183e-02,-1.320357697312774664e-02,1.032990534818231838e-02,2.047243859370806093e-02,-1.186147379314492559e-02,1.117958267609010618e-02,-3.764771802405413731e-02,1.008883572182549780e-02,2.855331577592137848e-02,-4.000833868048849461e-03,-1.230023828441659424e-02,5.350891839373513037e-02,9.929067663222864402e-04,2.767122090510596918e-02,-1.298891813681757323e-02,-2.376590509671211784e-02,-3.058932670892726760e-02,1.992166062875862578e-02,-3.315190291164790692e-02,-3.991053635382327963e-02,-1.226688292981433122e-02
